{
  "mean_accuracy": 0.7133333333333333,
  "mean_auc": 0.7256790123456789,
  "p_value": 0.0625,
  "best_model": "RF_tuned",
  "optimized_threshold": 0.47999999999999987,
  "all_models": {
    "RF_default": {
      "accuracy": 0.7044444444444444,
      "auc": 0.71079012345679,
      "thresholds": [
        0.3,
        0.3,
        0.44999999999999996,
        0.6499999999999999,
        0.5499999999999999
      ]
    },
    "RF_tuned": {
      "accuracy": 0.7133333333333333,
      "auc": 0.7256790123456789,
      "thresholds": [
        0.3,
        0.49999999999999994,
        0.49999999999999994,
        0.5999999999999999,
        0.49999999999999994
      ]
    },
    "ExtraTrees": {
      "accuracy": 0.6733333333333333,
      "auc": 0.6987407407407408,
      "thresholds": [
        0.39999999999999997,
        0.3,
        0.49999999999999994,
        0.5499999999999999,
        0.44999999999999996
      ]
    },
    "MLP_small": {
      "accuracy": 0.6844444444444445,
      "auc": 0.6518024691358024,
      "thresholds": [
        0.35,
        0.35,
        0.5499999999999999,
        0.39999999999999997,
        0.44999999999999996
      ]
    },
    "MLP_large": {
      "accuracy": 0.6533333333333332,
      "auc": 0.6407407407407407,
      "thresholds": [
        0.49999999999999994,
        0.39999999999999997,
        0.44999999999999996,
        0.44999999999999996,
        0.44999999999999996
      ]
    }
  }
}