{
  "XceptionNet": {
    "accuracy": 36.969696969696976,
    "std": 11.704654279564458,
    "fold_results": [
      18.181818181818183,
      42.857142857142854,
      28.57142857142857,
      47.61904761904761,
      47.61904761904761
    ]
  },
  "ResNet50": {
    "accuracy": 51.9047619047619,
    "std": 0.9523809523809535,
    "fold_results": [
      50.0,
      52.38095238095239,
      52.38095238095239,
      52.38095238095239,
      52.38095238095239
    ]
  }
}