{
  "mean_accuracy": 0.6033333333333333,
  "mean_auc": 0.6975555555555556,
  "p_value": 0.0625,
  "best_single_config": "RF_balanced",
  "best_single_accuracy": 0.6633333333333333
}