{
  "mean_accuracy": 0.6644444444444445,
  "mean_auc": 0.7256666666666666,
  "p_value": 0.009103414083971145
}