{
  "mean_accuracy": 0.6733333333333332,
  "mean_auc": 0.7089135802469136,
  "p_value": 0.0625,
  "std": 0.050110987927909696,
  "fold_accs": [
    0.6,
    0.75,
    0.7,
    0.65,
    0.6666666666666666
  ]
}