{
  "model_type": "Traditional ML (Visual Features)",
  "features": "Facial landmarks + color histograms",
  "data_split": "GroupKFold (5-fold)",
  "seed": 42,
  "results": {
    "Random Forest": {
      "mean_accuracy": 0.010526315789473684,
      "std_accuracy": 0.021052631578947368,
      "mean_precision": 0.02,
      "std_precision": 0.04,
      "mean_recall": 0.02,
      "std_recall": 0.04,
      "mean_auc": 0.0,
      "std_auc": 0.0,
      "ci_accuracy": [
        -0.018699422159976775,
        0.03975205373892414
      ],
      "ci_auc": [
        NaN,
        NaN
      ],
      "p_value_accuracy": 1.279386029577253e-06,
      "p_value_auc": 0.0,
      "significant": true
    },
    "SVM (RBF)": {
      "mean_accuracy": 0.031578947368421054,
      "std_accuracy": 0.042105263157894736,
      "mean_precision": 0.051515151515151514,
      "std_precision": 0.06748805288278814,
      "mean_recall": 0.06666666666666667,
      "std_recall": 0.08888888888888889,
      "mean_auc": 0.9977777777777778,
      "std_auc": 0.004444444444444429,
      "ci_accuracy": [
        -0.02687252853047986,
        0.09003042326732197
      ],
      "ci_auc": [
        0.9916078997662271,
        1.0039476557893283
      ],
      "p_value_accuracy": 2.4154906843291946e-05,
      "p_value_auc": 2.382876182695226e-09,
      "significant": true
    },
    "SVM (Linear)": {
      "mean_accuracy": 0.1789473684210526,
      "std_accuracy": 0.053673889616766154,
      "mean_precision": 0.18333333333333332,
      "std_precision": 0.059835164523716705,
      "mean_recall": 0.18666666666666665,
      "std_recall": 0.07417030785901615,
      "mean_auc": 0.8777777777777779,
      "std_auc": 0.06478835438717,
      "ci_accuracy": [
        0.10443606436935408,
        0.2534586724727511
      ],
      "ci_auc": [
        0.7878371230717388,
        0.967718432483817
      ],
      "p_value_accuracy": 0.00027977840143548165,
      "p_value_auc": 0.00030908566784967006,
      "significant": true
    }
  }
}