{
  "mean_accuracy": 0.7675000000000001,
  "std_accuracy": 0.14118682352047754,
  "mean_auc": 0.8230000000000001,
  "accuracies": [
    0.8,
    0.9,
    0.6,
    0.6666666666666666,
    0.5555555555555556,
    0.7777777777777778,
    1.0,
    0.875,
    0.625,
    0.875
  ]
}