{
  "Random Forest": {
    "accuracy": 0.22727272727272727
  },
  "SVM (RBF)": {
    "accuracy": 0.22727272727272727
  },
  "Gradient Boosting": {
    "accuracy": 0.2727272727272727
  },
  "Weighted Ensemble": {
    "accuracy": 0.3181818181818182
  }
}