{
  "sample_sizes": [
    20,
    40,
    60,
    80,
    96
  ],
  "physio_accuracies": [
    0.7,
    0.7224999999999999,
    0.7125,
    0.7424999999999999,
    0.73
  ],
  "visual_accuracies": [
    0.5666666666666667,
    0.515,
    0.575,
    0.5383333333333333,
    0.5933333333333334
  ],
  "crnn_accuracies": [
    0.5,
    0.505,
    0.51,
    0.515,
    0.5167
  ]
}