{
  "model_type": "Physiological Ensemble v1",
  "mean_accuracy": 0.5675000000000001,
  "std_accuracy": 0.09086390922693123,
  "accuracies": [
    0.5,
    0.7,
    0.5,
    0.5,
    0.5,
    0.5,
    0.6,
    0.75,
    0.625,
    0.5
  ]
}