{
  "mean_accuracy": 0.73,
  "mean_auc": 0.7144999999999999,
  "p_value": 0.001953125,
  "best_model": "RF_tuned",
  "optimized_threshold": 0.42000000000000004,
  "all_models": {
    "RF_default": {
      "accuracy": 0.72,
      "auc": 0.708,
      "thresholds": [
        0.3,
        0.49999999999999994,
        0.39999999999999997,
        0.5499999999999999,
        0.35,
        0.44999999999999996,
        0.44999999999999996,
        0.39999999999999997,
        0.5499999999999999,
        0.39999999999999997
      ]
    },
    "RF_tuned": {
      "accuracy": 0.73,
      "auc": 0.7144999999999999,
      "thresholds": [
        0.3,
        0.49999999999999994,
        0.35,
        0.5499999999999999,
        0.3,
        0.44999999999999996,
        0.44999999999999996,
        0.39999999999999997,
        0.49999999999999994,
        0.39999999999999997
      ]
    },
    "ExtraTrees": {
      "accuracy": 0.72,
      "auc": 0.694,
      "thresholds": [
        0.39999999999999997,
        0.39999999999999997,
        0.3,
        0.49999999999999994,
        0.5499999999999999,
        0.3,
        0.39999999999999997,
        0.39999999999999997,
        0.35,
        0.5999999999999999
      ]
    },
    "MLP_small": {
      "accuracy": 0.69,
      "auc": 0.69,
      "thresholds": [
        0.35,
        0.49999999999999994,
        0.39999999999999997,
        0.39999999999999997,
        0.49999999999999994,
        0.39999999999999997,
        0.49999999999999994,
        0.35,
        0.49999999999999994,
        0.44999999999999996
      ]
    },
    "MLP_large": {
      "accuracy": 0.6224999999999999,
      "auc": 0.61175,
      "thresholds": [
        0.44999999999999996,
        0.3,
        0.3,
        0.39999999999999997,
        0.44999999999999996,
        0.35,
        0.49999999999999994,
        0.3,
        0.44999999999999996,
        0.39999999999999997
      ]
    }
  }
}