{
  "Base Physiological (47 features)": {
    "mean_accuracy": 0.7150000000000001,
    "std_accuracy": 0.12609520212918493,
    "ci_accuracy": [
      0.6247969263471208,
      0.8052030736528794
    ],
    "mean_auc": 0.68625,
    "p_value": 0.0006320695956612761,
    "accuracies": [
      0.7,
      0.8,
      0.7,
      0.5,
      0.7,
      0.7,
      0.8,
      1.0,
      0.625,
      0.625
    ]
  },
  "Graph Edge Synchronization (6 features)": {
    "mean_accuracy": 0.6625,
    "std_accuracy": 0.08750000000000001,
    "ci_accuracy": [
      0.5999062707275669,
      0.7250937292724331
    ],
    "mean_auc": 0.53725,
    "p_value": 0.0003467446680429595,
    "accuracies": [
      0.6,
      0.7,
      0.7,
      0.6,
      0.8,
      0.6,
      0.5,
      0.75,
      0.625,
      0.75
    ]
  },
  "Graph + Base Combined (53 features)": {
    "mean_accuracy": 0.6824999999999999,
    "std_accuracy": 0.08877640452282352,
    "ci_accuracy": [
      0.6189931859373528,
      0.746006814062647
    ],
    "mean_auc": 0.69425,
    "p_value": 0.00016526165408796471,
    "accuracies": [
      0.6,
      0.7,
      0.7,
      0.6,
      0.7,
      0.6,
      0.8,
      0.875,
      0.625,
      0.625
    ]
  }
}