{
  "mean_accuracy": 0.5166666666666666,
  "p_value": 0.08112618884584172,
  "accuracies": [
    0.5,
    0.5,
    0.5,
    0.5555555555555556,
    0.5555555555555556,
    0.5555555555555556,
    0.5,
    0.5,
    0.5,
    0.5
  ]
}