{
  "Random Forest": {
    "accuracy": 0.13636363636363635
  },
  "SVM (RBF)": {
    "accuracy": 0.18181818181818182
  },
  "SVM (Linear)": {
    "accuracy": 0.45454545454545453
  },
  "Ensemble": {
    "accuracy": 0.7727272727272727
  },
  "cv_mean": 0.6703296703296703,
  "cv_std": 0.1403843465729346
}