{
  "mean_accuracy": 0.5777777777777777,
  "std_accuracy": 0.12955288733673193,
  "mean_auc": 0.66525,
  "accuracies": [
    0.4,
    0.5,
    0.6,
    0.5555555555555556,
    0.7777777777777778,
    0.4444444444444444,
    0.5,
    0.5,
    0.75,
    0.75
  ]
}